"tx size","size fee (IOV)","price increase compared to anti spam"
0,0.0000,1.0000
256,0.0000,1.0000
512,0.0000,1.0000
768,0.0000,1.0000
1024,0.0000,1.0000
1280,0.0001,1.0003
1536,0.0005,1.0010
1792,0.0012,1.0024
2048,0.0021,1.0042
2304,0.0033,1.0066
2560,0.0047,1.0094
2816,0.0064,1.0128
3072,0.0084,1.0168
3328,0.0106,1.0212
3584,0.0131,1.0262
3840,0.0159,1.0317
4096,0.0189,1.0377
4352,0.0222,1.0443
4608,0.0257,1.0514
4864,0.0295,1.0590
5120,0.0336,1.0671
5376,0.0379,1.0758
5632,0.0425,1.0849
5888,0.0473,1.0946
6144,0.0524,1.1049
6400,0.0578,1.1156
6656,0.0634,1.1269
6912,0.0693,1.1387
7168,0.0755,1.1510
7424,0.0819,1.1638
7680,0.0886,1.1772
7936,0.0956,1.1911
8192,0.1028,1.2055
8448,0.1102,1.2205
8704,0.1180,1.2359
8960,0.1260,1.2519
9216,0.1342,1.2684
9472,0.1427,1.2855
9728,0.1515,1.3030
9984,0.1606,1.3211
10240,0.1699,1.3397
10496,0.1794,1.3589
10752,0.1893,1.3785
11008,0.1994,1.3987
11264,0.2097,1.4194
11520,0.2203,1.4407
11776,0.2312,1.4624
12032,0.2424,1.4847
12288,0.2538,1.5075
12544,0.2654,1.5308
12800,0.2773,1.5547
13056,0.2895,1.5791
13312,0.3020,1.6040
13568,0.3147,1.6294
13824,0.3277,1.6554
14080,0.3409,1.6818
14336,0.3544,1.7088
14592,0.3682,1.7364
14848,0.3822,1.7644
15104,0.3965,1.7930
15360,0.4110,1.8221
15616,0.4259,1.8517
15872,0.4409,1.8819
16128,0.4563,1.9125
16384,0.4719,1.9437
16640,0.4877,1.9754
16896,0.5038,2.0077
17152,0.5202,2.0404
17408,0.5369,2.0737
17664,0.5538,2.1076
17920,0.5709,2.1419
18176,0.5884,2.1768
18432,0.6061,2.2122
18688,0.6240,2.2481
18944,0.6423,2.2845
19200,0.6607,2.3215
19456,0.6795,2.3590
19712,0.6985,2.3970
19968,0.7178,2.4355
20224,0.7373,2.4746
20480,0.7571,2.5141
20736,0.7771,2.5543
20992,0.7974,2.5949
21248,0.8180,2.6360
21504,0.8389,2.6777
21760,0.8600,2.7199
22016,0.8813,2.7627
22272,0.9030,2.8059
22528,0.9248,2.8497
22784,0.9470,2.8940
23040,0.9694,2.9388
23296,0.9921,2.9842
23552,1.0150,3.0300
23808,1.0382,3.0764
24064,1.0617,3.1234
24320,1.0854,3.1708
24576,1.1094,3.2188
24832,1.1336,3.2673
25088,1.1582,3.3163
25344,1.1829,3.3658
25600,1.2080,3.4159
25856,1.2333,3.4665
26112,1.2588,3.5176
26368,1.2846,3.5693
26624,1.3107,3.6214
26880,1.3371,3.6741
27136,1.3637,3.7273
27392,1.3905,3.7811
27648,1.4177,3.8353
27904,1.4451,3.8901
28160,1.4727,3.9454
28416,1.5006,4.0013
28672,1.5288,4.0576
28928,1.5573,4.1145
29184,1.5860,4.1719
29440,1.6149,4.2299
29696,1.6442,4.2883
29952,1.6737,4.3473
30208,1.7034,4.4068
30464,1.7334,4.4669
30720,1.7637,4.5274
30976,1.7942,4.5885
31232,1.8250,4.6501
31488,1.8561,4.7122
31744,1.8874,4.7749
32000,1.9190,4.8381
32256,1.9509,4.9018
32512,1.9830,4.9660
32768,2.0154,5.0307
33024,2.0480,5.0960
33280,2.0809,5.1618
33536,2.1141,5.2281
33792,2.1475,5.2950
34048,2.1812,5.3623
34304,2.2151,5.4302
34560,2.2493,5.4987
34816,2.2838,5.5676
35072,2.3185,5.6371
35328,2.3535,5.7071
35584,2.3888,5.7776
35840,2.4243,5.8486
36096,2.4601,5.9202
36352,2.4961,5.9923
36608,2.5324,6.0649
36864,2.5690,6.1380
37120,2.6058,6.2117
37376,2.6429,6.2859
37632,2.6803,6.3606
37888,2.7179,6.4358
38144,2.7558,6.5116
38400,2.7939,6.5879
38656,2.8323,6.6647
38912,2.8710,6.7420
39168,2.9099,6.8199
39424,2.9491,6.8982
39680,2.9886,6.9771
39936,3.0283,7.0566
40192,3.0683,7.1365
40448,3.1085,7.2170
40704,3.1490,7.2980
40960,3.1898,7.3795
41216,3.2308,7.4616
41472,3.2721,7.5442
41728,3.3136,7.6273
41984,3.3554,7.7109
42240,3.3975,7.7950
42496,3.4399,7.8797
42752,3.4825,7.9649
43008,3.5253,8.0506
43264,3.5684,8.1369
43520,3.6118,8.2236
43776,3.6555,8.3109
44032,3.6994,8.3988
44288,3.7435,8.4871
44544,3.7880,8.5760
44800,3.8327,8.6654
45056,3.8776,8.7553
45312,3.9229,8.8457
45568,3.9683,8.9367
45824,4.0141,9.0282
46080,4.0601,9.1202
46336,4.1064,9.2127
46592,4.1529,9.3058
46848,4.1997,9.3994
47104,4.2467,9.4935
47360,4.2940,9.5881
47616,4.3416,9.6833
47872,4.3895,9.7789
48128,4.4376,9.8751
48384,4.4859,9.9719
48640,4.5346,10.0691
48896,4.5835,10.1669
49152,4.6326,10.2652
49408,4.6820,10.3640
49664,4.7317,10.4634
49920,4.7816,10.5633
50176,4.8318,10.6637
50432,4.8823,10.7646
50688,4.9330,10.8661
50944,4.9840,10.9680
51200,5.0353,11.0705
51456,5.0868,11.1735
51712,5.1385,11.2771
51968,5.1906,11.3812
52224,5.2429,11.4858
52480,5.2954,11.5909
52736,5.3483,11.6965
52992,5.4013,11.8027
53248,5.4547,11.9094
53504,5.5083,12.0166
53760,5.5622,12.1243
54016,5.6163,12.2326
54272,5.6707,12.3414
54528,5.7254,12.4507
54784,5.7803,12.5606
55040,5.8355,12.6709
55296,5.8909,12.7818
55552,5.9466,12.8932
55808,6.0026,13.0051
56064,6.0588,13.1176
56320,6.1153,13.2306
56576,6.1720,13.3441
56832,6.2291,13.4581
57088,6.2863,13.5727
57344,6.3439,13.6878
57600,6.4017,13.8034
57856,6.4598,13.9195
58112,6.5181,14.0362
58368,6.5767,14.1533
58624,6.6355,14.2710
58880,6.6946,14.3893
59136,6.7540,14.5080
59392,6.8136,14.6273
59648,6.8735,14.7471
59904,6.9337,14.8674
60160,6.9941,14.9883
60416,7.0548,15.1096
60672,7.1158,15.2315
60928,7.1770,15.3540
61184,7.2385,15.4769
61440,7.3002,15.6004
61696,7.3622,15.7244
61952,7.4244,15.8489
62208,7.4870,15.9739
62464,7.5497,16.0995
62720,7.6128,16.2256
62976,7.6761,16.3522
63232,7.7397,16.4793
63488,7.8035,16.6070
63744,7.8676,16.7352
64000,7.9320,16.8639
64256,7.9966,16.9931
64512,8.0615,17.1229
64768,8.1266,17.2532
65024,8.1920,17.3840
65280,8.2577,17.5153
65536,8.3236,17.6472
65792,8.3898,17.7796
66048,8.4562,17.9125
66304,8.5230,18.0459
66560,8.5899,18.1799
66816,8.6572,18.3143
67072,8.7247,18.4494
67328,8.7924,18.5849
67584,8.8605,18.7209
67840,8.9288,18.8575
68096,8.9973,18.9946
68352,9.0661,19.1322
68608,9.1352,19.2704
68864,9.2045,19.4091
69120,9.2741,19.5483
69376,9.3440,19.6880
69632,9.4141,19.8282
69888,9.4845,19.9690
70144,9.5551,20.1103
70400,9.6261,20.2521
70656,9.6972,20.3945
70912,9.7687,20.5373
71168,9.8404,20.6807
71424,9.9123,20.8246
71680,9.9845,20.9691
71936,10.0570,21.1140
72192,10.1298,21.2595
72448,10.2028,21.4056
72704,10.2760,21.5521
72960,10.3496,21.6992
73216,10.4234,21.8467
73472,10.4974,21.9949
73728,10.5717,22.1435
73984,10.6463,22.2926
74240,10.7212,22.4423
74496,10.7963,22.5925
74752,10.8716,22.7433
75008,10.9473,22.8945
75264,11.0232,23.0463
75520,11.0993,23.1986
75776,11.1757,23.3514
76032,11.2524,23.5048
76288,11.3293,23.6587
76544,11.4065,23.8131
76800,11.4840,23.9680
77056,11.5617,24.1235
77312,11.6397,24.2794
77568,11.7180,24.4359
77824,11.7965,24.5930
78080,11.8753,24.7505
78336,11.9543,24.9086
78592,12.0336,25.0672
78848,12.1131,25.2263
79104,12.1930,25.3859
79360,12.2731,25.5461
79616,12.3534,25.7068
79872,12.4340,25.8680
80128,12.5149,26.0298
80384,12.5960,26.1920
80640,12.6774,26.3548
80896,12.7591,26.5181
81152,12.8410,26.6820
81408,12.9232,26.8463
81664,13.0056,27.0112
81920,13.0883,27.1767
82176,13.1713,27.3426
82432,13.2545,27.5090
82688,13.3380,27.6760
82944,13.4218,27.8435
83200,13.5058,28.0116
83456,13.5901,28.1801
83712,13.6746,28.3492
83968,13.7594,28.5188
84224,13.8445,28.6890
84480,13.9298,28.8596
84736,14.0154,29.0308
84992,14.1013,29.2025
85248,14.1874,29.3747
85504,14.2737,29.5475
85760,14.3604,29.7208
86016,14.4473,29.8946
86272,14.5344,30.0689
86528,14.6219,30.2437
86784,14.7096,30.4191
87040,14.7975,30.5950
87296,14.8857,30.7714
87552,14.9742,30.9484
87808,15.0629,31.1259
88064,15.1519,31.3038
88320,15.2412,31.4824
88576,15.3307,31.6614
88832,15.4205,31.8410
89088,15.5105,32.0211
89344,15.6008,32.2017
89600,15.6914,32.3828
89856,15.7822,32.5645
90112,15.8733,32.7467
90368,15.9647,32.9294
90624,16.0563,33.1126
90880,16.1482,33.2964
91136,16.2403,33.4807
91392,16.3328,33.6655
91648,16.4254,33.8508
91904,16.5183,34.0367
92160,16.6115,34.2231
92416,16.7050,34.4100
92672,16.7987,34.5974
92928,16.8927,34.7854
93184,16.9869,34.9739
93440,17.0814,35.1629
93696,17.1762,35.3524
93952,17.2712,35.5425
94208,17.3665,35.7330
94464,17.4621,35.9241
94720,17.5579,36.1158
94976,17.6540,36.3079
95232,17.7503,36.5006
95488,17.8469,36.6938
95744,17.9438,36.8875
96000,18.0409,37.0818
96256,18.1383,37.2765
96512,18.2359,37.4718
96768,18.3338,37.6677
97024,18.4320,37.8640
97280,18.5304,38.0609
97536,18.6291,38.2583
97792,18.7281,38.4562
98048,18.8273,38.6546
98304,18.9268,38.8536
98560,19.0265,39.0531
98816,19.1266,39.2531
99072,19.2268,39.4536
99328,19.3274,39.6547
99584,19.4281,39.8563
99840,19.5292,40.0584
100096,19.6305,40.2610
100352,19.7321,40.4642
100608,19.8339,40.6679
100864,19.9361,40.8721
101120,20.0384,41.0768
101376,20.1410,41.2821
101632,20.2439,41.4879
101888,20.3471,41.6942
102144,20.4505,41.9010
102400,20.5542,42.1084
102656,20.6581,42.3163
102912,20.7623,42.5247
103168,20.8668,42.7336
103424,20.9715,42.9430
103680,21.0765,43.1530
103936,21.1818,43.3635
104192,21.2873,43.5745
104448,21.3930,43.7861
104704,21.4991,43.9982
104960,21.6054,44.2108
105216,21.7119,44.4239
105472,21.8188,44.6375
105728,21.9259,44.8517
105984,22.0332,45.0664
106240,22.1408,45.2816
106496,22.2487,45.4974
106752,22.3568,45.7136
107008,22.4652,45.9304
107264,22.5739,46.1478
107520,22.6828,46.3656
107776,22.7920,46.5840
108032,22.9014,46.8028
108288,23.0111,47.0223
108544,23.1211,47.2422
108800,23.2313,47.4627
109056,23.3418,47.6837
109312,23.4526,47.9052
109568,23.5636,48.1272
109824,23.6749,48.3498
110080,23.7864,48.5728
110336,23.8982,48.7965
110592,24.0103,49.0206
110848,24.1226,49.2452
111104,24.2352,49.4704
111360,24.3481,49.6961
111616,24.4612,49.9224
111872,24.5746,50.1491
112128,24.6882,50.3764
112384,24.8021,50.6042
112640,24.9163,50.8325
112896,25.0307,51.0614
113152,25.1454,51.2908
113408,25.2603,51.5207
113664,25.3755,51.7511
113920,25.4910,51.9820
114176,25.6068,52.2135
114432,25.7227,52.4455
114688,25.8390,52.6780
114944,25.9555,52.9111
115200,26.0723,53.1446
115456,26.1894,53.3787
115712,26.3067,53.6133
115968,26.4242,53.8485
116224,26.5421,54.0842
116480,26.6602,54.3204
116736,26.7785,54.5571
116992,26.8972,54.7943
117248,27.0160,55.0321
117504,27.1352,55.2704
117760,27.2546,55.5092
118016,27.3743,55.7485
118272,27.4942,55.9884
118528,27.6144,56.2288
118784,27.7348,56.4697
119040,27.8556,56.7111
119296,27.9765,56.9531
119552,28.0978,57.1955
119808,28.2193,57.4386
120064,28.3410,57.6821
120320,28.4631,57.9261
120576,28.5854,58.1707
120832,28.7079,58.4158
121088,28.8307,58.6615
121344,28.9538,58.9076
121600,29.0771,59.1543
121856,29.2007,59.4015
122112,29.3246,59.6492
122368,29.4487,59.8975
122624,29.5731,60.1462
122880,29.6978,60.3955
123136,29.8227,60.6454
123392,29.9479,60.8957
123648,30.0733,61.1466
123904,30.1990,61.3980
124160,30.3249,61.6499
124416,30.4512,61.9023
124672,30.5777,62.1553
124928,30.7044,62.4088
125184,30.8314,62.6628
125440,30.9587,62.9174
125696,31.0862,63.1724
125952,31.2140,63.4280
126208,31.3421,63.6841
126464,31.4704,63.9408
126720,31.5990,64.1979
126976,31.7278,64.4556
127232,31.8569,64.7138
127488,31.9863,64.9726
127744,32.1159,65.2318
128000,32.2458,65.4916
128256,32.3760,65.7519
128512,32.5064,66.0128
128768,32.6371,66.2741
129024,32.7680,66.5360
129280,32.8992,66.7984
129536,33.0307,67.0613
129792,33.1624,67.3248
130048,33.2944,67.5888
130304,33.4266,67.8533
130560,33.5592,68.1183
130816,33.6919,68.3839
131072,33.8250,68.6499
131328,33.9583,68.9165
131584,34.0918,69.1837
131840,34.2257,69.4513
132096,34.3597,69.7195
132352,34.4941,69.9882
132608,34.6287,70.2574
132864,34.7636,70.5271
133120,34.8987,70.7974
133376,35.0341,71.0682
133632,35.1698,71.3395
133888,35.3057,71.6114
134144,35.4419,71.8837
134400,35.5783,72.1566
134656,35.7150,72.4300
134912,35.8520,72.7040
135168,35.9892,72.9785
135424,36.1267,73.2534
135680,36.2645,73.5290
135936,36.4025,73.8050
136192,36.5408,74.0816
136448,36.6793,74.3586
136704,36.8181,74.6362
136960,36.9572,74.9144
137216,37.0965,75.1930
137472,37.2361,75.4722
137728,37.3760,75.7519
137984,37.5161,76.0322
138240,37.6565,76.3129
138496,37.7971,76.5942
138752,37.9380,76.8760
139008,38.0792,77.1583
139264,38.2206,77.4412
139520,38.3623,77.7246
139776,38.5042,78.0085
140032,38.6464,78.2929
140288,38.7889,78.5778
140544,38.9317,78.8633
140800,39.0747,79.1493
141056,39.2179,79.4358
141312,39.3614,79.7229
141568,39.5052,80.0105
141824,39.6493,80.2986
142080,39.7936,80.5872
142336,39.9382,80.8763
142592,40.0830,81.1660
142848,40.2281,81.4562
143104,40.3735,81.7469
143360,40.5191,82.0381
143616,40.6650,82.3299
143872,40.8111,82.6222
144128,40.9575,82.9150
144384,41.1042,83.2084
144640,41.2511,83.5022
144896,41.3983,83.7966
145152,41.5458,84.0915
145408,41.6935,84.3870
145664,41.8415,84.6829
145920,41.9897,84.9794
146176,42.1382,85.2764
146432,42.2870,85.5739
146688,42.4360,85.8720
146944,42.5853,86.1706
147200,42.7348,86.4697
147456,42.8847,86.7693
147712,43.0347,87.0695
147968,43.1851,87.3702
148224,43.3357,87.6714
148480,43.4865,87.9731
148736,43.6377,88.2753
148992,43.7891,88.5781
149248,43.9407,88.8814
149504,44.0926,89.1852
149760,44.2448,89.4896
150016,44.3972,89.7945
150272,44.5499,90.0999
150528,44.7029,90.4058
150784,44.8561,90.7122
151040,45.0096,91.0192
151296,45.1633,91.3267
151552,45.3174,91.6347
151808,45.4716,91.9433
152064,45.6262,92.2523
152320,45.7810,92.5619
152576,45.9360,92.8720
152832,46.0913,93.1827
153088,46.2469,93.4938
153344,46.4028,93.8055
153600,46.5589,94.1177
153856,46.7152,94.4305
154112,46.8719,94.7437
154368,47.0288,95.0575
154624,47.1859,95.3718
154880,47.3433,95.6867
155136,47.5010,96.0020
155392,47.6590,96.3179
155648,47.8172,96.6343
155904,47.9756,96.9513
156160,48.1344,97.2687
156416,48.2933,97.5867
156672,48.4526,97.9052
156928,48.6121,98.2242
157184,48.7719,98.5438
157440,48.9319,98.8639
157696,49.0922,99.1845
157952,49.2528,99.5056
158208,49.4136,99.8272
158464,49.5747,100.1494
158720,49.7361,100.4721
158976,49.8977,100.7953
159232,50.0595,101.1191
159488,50.2217,101.4434
159744,50.3841,101.7682
160000,50.5467,102.0935
160256,50.7097,102.4193
160512,50.8728,102.7457
160768,51.0363,103.0726
161024,51.2000,103.4000
161280,51.3640,103.7279
161536,51.5282,104.0564
161792,51.6927,104.3854
162048,51.8575,104.7149
162304,52.0225,105.0450
162560,52.1878,105.3755
162816,52.3533,105.7066
163072,52.5191,106.0382
163328,52.6852,106.3704
163584,52.8515,106.7030
163840,53.0181,107.0362
164096,53.1850,107.3699
164352,53.3521,107.7041
164608,53.5195,108.0389
164864,53.6871,108.3742
165120,53.8550,108.7100
165376,54.0232,109.0463
165632,54.1916,109.3832
165888,54.3603,109.7206
166144,54.5292,110.0585
166400,54.6984,110.3969
166656,54.8679,110.7358
166912,55.0377,111.0753
167168,55.2077,111.4153
167424,55.3779,111.7558
167680,55.5484,112.0969
167936,55.7192,112.4385
168192,55.8903,112.7806
168448,56.0616,113.1232
168704,56.2332,113.4663
168960,56.4050,113.8100
169216,56.5771,114.1542
169472,56.7495,114.4989
169728,56.9221,114.8442
169984,57.0950,115.1899
170240,57.2681,115.5362
170496,57.4415,115.8830
170752,57.6152,116.2304
171008,57.7891,116.5782
171264,57.9633,116.9266
171520,58.1378,117.2755
171776,58.3125,117.6250
172032,58.4875,117.9749
172288,58.6627,118.3254
172544,58.8382,118.6764
172800,59.0140,119.0280
173056,59.1900,119.3800
173312,59.3663,119.7326
173568,59.5429,120.0857
173824,59.7197,120.4394
174080,59.8968,120.7935
174336,60.0741,121.1482
174592,60.2517,121.5034
174848,60.4296,121.8591
175104,60.6077,122.2154
175360,60.7861,122.5722
175616,60.9647,122.9295
175872,61.1436,123.2873
176128,61.3228,123.6456
176384,61.5023,124.0045
176640,61.6820,124.3639
176896,61.8619,124.7238
177152,62.0421,125.0843
177408,62.2226,125.4453
177664,62.4034,125.8068
177920,62.5844,126.1688
178176,62.7657,126.5313
178432,62.9472,126.8944
178688,63.1290,127.2580
178944,63.3111,127.6221
179200,63.4934,127.9867
179456,63.6760,128.3519
179712,63.8588,128.7176
179968,64.0419,129.0838
180224,64.2253,129.4506
180480,64.4089,129.8178
180736,64.5928,130.1856
180992,64.7770,130.5539
181248,64.9614,130.9228
181504,65.1461,131.2921
181760,65.3310,131.6620
182016,65.5162,132.0324
182272,65.7017,132.4034
182528,65.8874,132.7748
182784,66.0734,133.1468
183040,66.2596,133.5193
183296,66.4462,133.8923
183552,66.6329,134.2659
183808,66.8200,134.6400
184064,67.0073,135.0146
184320,67.1948,135.3897
184576,67.3827,135.7653
184832,67.5708,136.1415
185088,67.7591,136.5182
185344,67.9477,136.8954
185600,68.1366,137.2732
185856,68.3257,137.6515
186112,68.5151,138.0303
186368,68.7048,138.4096
186624,68.8947,138.7894
186880,69.0849,139.1698
187136,69.2754,139.5507
187392,69.4661,139.9321
187648,69.6570,140.3141
187904,69.8483,140.6965
188160,70.0398,141.0795
188416,70.2315,141.4630
188672,70.4235,141.8471
188928,70.6158,142.2317
189184,70.8084,142.6167
189440,71.0012,143.0024
189696,71.1942,143.3885
189952,71.3876,143.7752
190208,71.5812,144.1623
190464,71.7750,144.5501
190720,71.9691,144.9383
190976,72.1635,145.3270
191232,72.3582,145.7163
191488,72.5531,146.1061
191744,72.7482,146.4965
192000,72.9437,146.8873
192256,73.1394,147.2787
192512,73.3353,147.6706
192768,73.5315,148.0630
193024,73.7280,148.4560
193280,73.9247,148.8495
193536,74.1217,149.2435
193792,74.3190,149.6380
194048,74.5165,150.0331
194304,74.7143,150.4286
194560,74.9124,150.8247
194816,75.1107,151.2214
195072,75.3093,151.6185
195328,75.5081,152.0162
195584,75.7072,152.4144
195840,75.9065,152.8131
196096,76.1062,153.2123
196352,76.3061,153.6121
196608,76.5062,154.0124
196864,76.7066,154.4132
197120,76.9073,154.8146
197376,77.1082,155.2164
197632,77.3094,155.6188
197888,77.5109,156.0217
198144,77.7126,156.4252
198400,77.9146,156.8291
198656,78.1168,157.2336
198912,78.3193,157.6386
199168,78.5221,158.0442
199424,78.7251,158.4502
199680,78.9284,158.8568
199936,79.1320,159.2639
200192,79.3358,159.6716
200448,79.5399,160.0797
200704,79.7442,160.4884
200960,79.9488,160.8976
201216,80.1537,161.3073
201472,80.3588,161.7176
201728,80.5642,162.1284
201984,80.7698,162.5397
202240,80.9758,162.9515
202496,81.1819,163.3639
202752,81.3884,163.7767
203008,81.5951,164.1901
203264,81.8020,164.6041
203520,82.0093,165.0185
203776,82.2167,165.4335
204032,82.4245,165.8490
204288,82.6325,166.2650
204544,82.8408,166.6816
204800,83.0493,167.0986
205056,83.2581,167.5162
205312,83.4672,167.9343
205568,83.6765,168.3530
205824,83.8861,168.7722
206080,84.0959,169.1919
206336,84.3060,169.6121
206592,84.5164,170.0328
206848,84.7270,170.4541
207104,84.9379,170.8759
207360,85.1491,171.2982
207616,85.3605,171.7210
207872,85.5722,172.1444
208128,85.7841,172.5683
208384,85.9963,172.9927
208640,86.2088,173.4176
208896,86.4215,173.8431
209152,86.6345,174.2691
209408,86.8478,174.6956
209664,87.0613,175.1226
209920,87.2751,175.5502
210176,87.4891,175.9782
210432,87.7034,176.4068
210688,87.9180,176.8360
210944,88.1328,177.2656
211200,88.3479,177.6958
211456,88.5633,178.1265
211712,88.7789,178.5577
211968,88.9947,178.9895
212224,89.2109,179.4218
212480,89.4273,179.8546
212736,89.6439,180.2879
212992,89.8609,180.7217
213248,90.0781,181.1561
213504,90.2955,181.5910
213760,90.5132,182.0264
214016,90.7312,182.4624
214272,90.9494,182.8988
214528,91.1679,183.3358
214784,91.3867,183.7734
215040,91.6057,184.2114
215296,91.8250,184.6500
215552,92.0445,185.0891
215808,92.2643,185.5287
216064,92.4844,185.9688
216320,92.7047,186.4095
216576,92.9253,186.8507
216832,93.1462,187.2924
217088,93.3673,187.7346
217344,93.5887,188.1774
217600,93.8103,188.6207
217856,94.0322,189.0645
218112,94.2544,189.5088
218368,94.4768,189.9537
218624,94.6995,190.3990
218880,94.9225,190.8449
219136,95.1457,191.2914
219392,95.3692,191.7383
219648,95.5929,192.1858
219904,95.8169,192.6338
220160,96.0412,193.0823
220416,96.2657,193.5314
220672,96.4905,193.9810
220928,96.7155,194.4311
221184,96.9409,194.8817
221440,97.1664,195.3329
221696,97.3923,195.7845
221952,97.6184,196.2367
222208,97.8447,196.6894
222464,98.0713,197.1427
222720,98.2982,197.5965
222976,98.5254,198.0508
223232,98.7528,198.5056
223488,98.9805,198.9609
223744,99.2084,199.4168
224000,99.4366,199.8732
224256,99.6651,200.3301
224512,99.8938,200.7875
224768,100.1228,201.2455
225024,100.3520,201.7040
225280,100.5815,202.1630
225536,100.8113,202.6226
225792,101.0413,203.0826
226048,101.2716,203.5432
226304,101.5022,204.0043
226560,101.7330,204.4659
226816,101.9641,204.9281
227072,102.1954,205.3908
227328,102.4270,205.8540
227584,102.6589,206.3177
227840,102.8910,206.7820
228096,103.1234,207.2468
228352,103.3560,207.7121
228608,103.5890,208.1779
228864,103.8221,208.6443
229120,104.0556,209.1111
229376,104.2893,209.5785
229632,104.5232,210.0465
229888,104.7575,210.5149
230144,104.9919,210.9839
230400,105.2267,211.4534
230656,105.4617,211.9234
230912,105.6970,212.3940
231168,105.9325,212.8650
231424,106.1683,213.3366
231680,106.4044,213.8088
231936,106.6407,214.2814
232192,106.8773,214.7546
232448,107.1141,215.2283
232704,107.3512,215.7025
232960,107.5886,216.1772
233216,107.8262,216.6525
233472,108.0641,217.1283
233728,108.3023,217.6046
233984,108.5407,218.0814
234240,108.7794,218.5588
234496,109.0183,219.0367
234752,109.2576,219.5151
235008,109.4970,219.9940
235264,109.7368,220.4735
235520,109.9767,220.9535
235776,110.2170,221.4340
236032,110.4575,221.9150
236288,110.6983,222.3966
236544,110.9393,222.8787
236800,111.1806,223.3613
237056,111.4222,223.8444
237312,111.6640,224.3281
237568,111.9061,224.8123
237824,112.1485,225.2970
238080,112.3911,225.7822
238336,112.6340,226.2679
238592,112.8771,226.7542
238848,113.1205,227.2410
239104,113.3642,227.7283
239360,113.6081,228.2162
239616,113.8523,228.7046
239872,114.0967,229.1935
240128,114.3414,229.6829
240384,114.5864,230.1728
240640,114.8317,230.6633
240896,115.0772,231.1543
241152,115.3229,231.6458
241408,115.5689,232.1379
241664,115.8152,232.6304
241920,116.0618,233.1235
242176,116.3086,233.6171
242432,116.5556,234.1113
242688,116.8030,234.6060
242944,117.0506,235.1011
243200,117.2984,235.5969
243456,117.5465,236.0931
243712,117.7949,236.5899
243968,118.0436,237.0871
244224,118.2925,237.5850
244480,118.5416,238.0833
244736,118.7911,238.5822
244992,119.0408,239.0815
245248,119.2907,239.5814
245504,119.5409,240.0819
245760,119.7914,240.5828
246016,120.0422,241.0843
246272,120.2932,241.5863
246528,120.5444,242.0889
246784,120.7960,242.5919
247040,121.0477,243.0955
247296,121.2998,243.5996
247552,121.5521,244.1042
247808,121.8047,244.6094
248064,122.0575,245.1150
248320,122.3106,245.6212
248576,122.5640,246.1280
248832,122.8176,246.6352
249088,123.0715,247.1430
249344,123.3256,247.6513
249600,123.5801,248.1601
249856,123.8347,248.6695
250112,124.0897,249.1793
250368,124.3449,249.6897
250624,124.6003,250.2006
250880,124.8560,250.7121
251136,125.1120,251.2241
251392,125.3683,251.7365
251648,125.6248,252.2496
251904,125.8815,252.7631
252160,126.1386,253.2772
252416,126.3959,253.7918
252672,126.6534,254.3069
252928,126.9113,254.8225
253184,127.1693,255.3387
253440,127.4277,255.8553
253696,127.6863,256.3726
253952,127.9451,256.8903
254208,128.2043,257.4086
254464,128.4637,257.9273
254720,128.7233,258.4466
254976,128.9832,258.9665
255232,129.2434,259.4868
255488,129.5039,260.0077
255744,129.7646,260.5291
256000,130.0255,261.0510
256256,130.2867,261.5735
256512,130.5482,262.0965
256768,130.8100,262.6200
257024,131.0720,263.1440
257280,131.3343,263.6686
257536,131.5968,264.1936
257792,131.8596,264.7192
258048,132.1227,265.2453
258304,132.3860,265.7720
258560,132.6496,266.2992
258816,132.9134,266.8269
259072,133.1775,267.3551
259328,133.4419,267.8838
259584,133.7065,268.4131
259840,133.9714,268.9429
260096,134.2366,269.4732
260352,134.5020,270.0040
260608,134.7677,270.5354
260864,135.0337,271.0673
261120,135.2999,271.5997
261376,135.5663,272.1327
261632,135.8331,272.6661
261888,136.1001,273.2001
262144,136.3673,273.7346
262400,136.6348,274.2697
262656,136.9026,274.8052
262912,137.1706,275.3413
263168,137.4390,275.8779
263424,137.7075,276.4150
263680,137.9763,276.9527
263936,138.2454,277.4909
264192,138.5148,278.0296
264448,138.7844,278.5688
264704,139.0543,279.1086
264960,139.3244,279.6488
265216,139.5948,280.1897
265472,139.8655,280.7310
265728,140.1364,281.2728
265984,140.4076,281.8152
266240,140.6791,282.3581
266496,140.9508,282.9015
266752,141.2227,283.4455
267008,141.4950,283.9900
267264,141.7675,284.5350
267520,142.0402,285.0805
267776,142.3133,285.6265
268032,142.5865,286.1731
268288,142.8601,286.7202
268544,143.1339,287.2678
268800,143.4080,287.8159
269056,143.6823,288.3646
269312,143.9569,288.9138
269568,144.2318,289.4635
269824,144.5069,290.0138
270080,144.7823,290.5645
270336,145.0579,291.1158
270592,145.3338,291.6676
270848,145.6100,292.2200
271104,145.8864,292.7728
271360,146.1631,293.3262
271616,146.4401,293.8801
271872,146.7173,294.4346
272128,146.9948,294.9895
272384,147.2725,295.5450
272640,147.5505,296.1010
272896,147.8288,296.6575
273152,148.1073,297.2146
273408,148.3861,297.7722
273664,148.6651,298.3303
273920,148.9445,298.8889
274176,149.2240,299.4481
274432,149.5039,300.0077
274688,149.7840,300.5679
274944,150.0643,301.1287
275200,150.3450,301.6899
275456,150.6258,302.2517
275712,150.9070,302.8140
275968,151.1884,303.3768
276224,151.4701,303.9402
276480,151.7520,304.5040
276736,152.0342,305.0684
276992,152.3167,305.6333
277248,152.5994,306.1988
277504,152.8824,306.7648
277760,153.1656,307.3313
278016,153.4491,307.8983
278272,153.7329,308.4658
278528,154.0169,309.0339
278784,154.3012,309.6025
279040,154.5858,310.1716
279296,154.8706,310.7412
279552,155.1557,311.3114
279808,155.4410,311.8821
280064,155.7266,312.4533
280320,156.0125,313.0250
280576,156.2986,313.5973
280832,156.5850,314.1701
281088,156.8717,314.7434
281344,157.1586,315.3172
281600,157.4458,315.8916
281856,157.7332,316.4664
282112,158.0209,317.0419
282368,158.3089,317.6178
282624,158.5971,318.1942
282880,158.8856,318.7712
283136,159.1744,319.3487
283392,159.4634,319.9267
283648,159.7527,320.5053
283904,160.0422,321.0844
284160,160.3320,321.6640
284416,160.6221,322.2441
284672,160.9124,322.8248
284928,161.2030,323.4059
285184,161.4938,323.9876
285440,161.7849,324.5698
285696,162.0763,325.1526
285952,162.3679,325.7359
286208,162.6598,326.3197
286464,162.9520,326.9040
286720,163.2444,327.4888
286976,163.5371,328.0742
287232,163.8300,328.6601
287488,164.1232,329.2465
287744,164.4167,329.8334
288000,164.7104,330.4209
288256,165.0044,331.0089
288512,165.2987,331.5974
288768,165.5932,332.1864
289024,165.8880,332.7760
289280,166.1830,333.3661
289536,166.4783,333.9567
289792,166.7739,334.5478
290048,167.0697,335.1395
290304,167.3658,335.7317
290560,167.6622,336.3244
290816,167.9588,336.9176
291072,168.2557,337.5114
291328,168.5528,338.1056
291584,168.8502,338.7005
291840,169.1479,339.2958
292096,169.4458,339.8916
292352,169.7440,340.4880
292608,170.0425,341.0849
292864,170.3412,341.6823
293120,170.6401,342.2803
293376,170.9394,342.8788
293632,171.2389,343.4778
293888,171.5386,344.0773
294144,171.8387,344.6773
294400,172.1390,345.2779
294656,172.4395,345.8790
294912,172.7403,346.4806
295168,173.0414,347.0828
295424,173.3427,347.6854
295680,173.6443,348.2886
295936,173.9462,348.8924
296192,174.2483,349.4966
296448,174.5507,350.1014
296704,174.8533,350.7066
296960,175.1562,351.3125
297216,175.4594,351.9188
297472,175.7628,352.5257
297728,176.0665,353.1331
297984,176.3705,353.7410
298240,176.6747,354.3494
298496,176.9792,354.9584
298752,177.2839,355.5678
299008,177.5889,356.1779
299264,177.8942,356.7884
299520,178.1997,357.3994
299776,178.5055,358.0110
300032,178.8116,358.6231
300288,179.1179,359.2358
300544,179.4245,359.8489
300800,179.7313,360.4626
301056,180.0384,361.0768
301312,180.3458,361.6915
301568,180.6534,362.3068
301824,180.9613,362.9226
302080,181.2694,363.5389
302336,181.5778,364.1557
302592,181.8865,364.7730
302848,182.1955,365.3909
303104,182.5047,366.0093
303360,182.8141,366.6282
303616,183.1238,367.2477
303872,183.4338,367.8676
304128,183.7441,368.4881
304384,184.0546,369.1092
304640,184.3654,369.7307
304896,184.6764,370.3528
305152,184.9877,370.9754
305408,185.2992,371.5985
305664,185.6111,372.2221
305920,185.9231,372.8463
306176,186.2355,373.4710
306432,186.5481,374.0962
306688,186.8610,374.7219
306944,187.1741,375.3482
307200,187.4875,375.9750
307456,187.8011,376.6023
307712,188.1151,377.2301
307968,188.4292,377.8585
308224,188.7437,378.4874
308480,189.0584,379.1168
308736,189.3733,379.7467
308992,189.6886,380.3772
309248,190.0041,381.0081
309504,190.3198,381.6396
309760,190.6358,382.2717
310016,190.9521,382.9042
310272,191.2687,383.5373
310528,191.5855,384.1709
310784,191.9025,384.8050
311040,192.2198,385.4397
311296,192.5374,386.0749
311552,192.8553,386.7106
311808,193.1734,387.3468
312064,193.4918,387.9835
312320,193.8104,388.6208
312576,194.1293,389.2586
312832,194.4485,389.8969
313088,194.7679,390.5358
313344,195.0876,391.1751
313600,195.4075,391.8150
313856,195.7277,392.4554
314112,196.0482,393.0964
314368,196.3689,393.7378
314624,196.6899,394.3798
314880,197.0112,395.0224
315136,197.3327,395.6654
315392,197.6545,396.3090
315648,197.9765,396.9530
315904,198.2988,397.5977
316160,198.6214,398.2428
316416,198.9442,398.8885
316672,199.2673,399.5346
316928,199.5907,400.1813
317184,199.9143,400.8286
317440,200.2382,401.4763
317696,200.5623,402.1246
317952,200.8867,402.7734
318208,201.2114,403.4228
318464,201.5363,404.0726
318720,201.8615,404.7230
318976,202.1869,405.3739
319232,202.5127,406.0253
319488,202.8386,406.6773
319744,203.1649,407.3298
320000,203.4914,407.9828
320256,203.8181,408.6363
320512,204.1452,409.2903
320768,204.4725,409.9449
321024,204.8000,410.6000
321280,205.1278,411.2556
321536,205.4559,411.9118
321792,205.7842,412.5684
322048,206.1128,413.2256
322304,206.4417,413.8834
322560,206.7708,414.5416
322816,207.1002,415.2004
323072,207.4298,415.8597
323328,207.7597,416.5195
323584,208.0899,417.1798
323840,208.4203,417.8407
324096,208.7510,418.5021
324352,209.0820,419.1640
324608,209.4132,419.8264
324864,209.7447,420.4894
325120,210.0764,421.1529
325376,210.4084,421.8169
325632,210.7407,422.4814
325888,211.0732,423.1465
326144,211.4060,423.8121
326400,211.7391,424.4782
326656,212.0724,425.1448
326912,212.4060,425.8120
327168,212.7398,426.4796
327424,213.0739,427.1478
327680,213.4083,427.8166
327936,213.7429,428.4858
328192,214.0778,429.1556
328448,214.4130,429.8259
328704,214.7484,430.4967
328960,215.0840,431.1681
329216,215.4200,431.8400
329472,215.7562,432.5124
329728,216.0926,433.1853
329984,216.4294,433.8587
330240,216.7663,434.5327
330496,217.1036,435.2072
330752,217.4411,435.8822
331008,217.7789,436.5578
331264,218.1169,437.2338
331520,218.4552,437.9104
331776,218.7938,438.5875
332032,219.1326,439.2652
332288,219.4717,439.9434
332544,219.8110,440.6220
332800,220.1506,441.3013
333056,220.4905,441.9810
333312,220.8306,442.6613
333568,221.1710,443.3420
333824,221.5117,444.0234
334080,221.8526,444.7052
334336,222.1938,445.3876
334592,222.5352,446.0704
334848,222.8769,446.7539
335104,223.2189,447.4378
335360,223.5611,448.1222
335616,223.9036,448.8072
335872,224.2464,449.4927
336128,224.5894,450.1788
336384,224.9327,450.8653
336640,225.2762,451.5524
336896,225.6200,452.2400
337152,225.9641,452.9281
337408,226.3084,453.6168
337664,226.6530,454.3060
337920,226.9978,454.9957
338176,227.3429,455.6859
338432,227.6883,456.3766
338688,228.0340,457.0679
338944,228.3799,457.7597
339200,228.7260,458.4520
339456,229.0724,459.1449
339712,229.4191,459.8382
339968,229.7661,460.5321
340224,230.1133,461.2266
340480,230.4608,461.9215
340736,230.8085,462.6170
340992,231.1565,463.3130
341248,231.5047,464.0095
341504,231.8533,464.7065
341760,232.2020,465.4041
342016,232.5511,466.1022
342272,232.9004,466.8008
342528,233.2500,467.4999
342784,233.5998,468.1996
343040,233.9499,468.8998
343296,234.3002,469.6005
343552,234.6509,470.3017
343808,235.0017,471.0035
344064,235.3529,471.7058
344320,235.7043,472.4086
344576,236.0560,473.1119
344832,236.4079,473.8158
345088,236.7601,474.5201
345344,237.1125,475.2250
345600,237.4652,475.9305
345856,237.8182,476.6364
346112,238.1715,477.3429
346368,238.5250,478.0499
346624,238.8787,478.7574
346880,239.2327,479.4655
347136,239.5870,480.1741
347392,239.9416,480.8832
347648,240.2964,481.5928
347904,240.6515,482.3029
348160,241.0068,483.0136
348416,241.3624,483.7248
348672,241.7183,484.4365
348928,242.0744,485.1488
349184,242.4308,485.8615
349440,242.7874,486.5748
349696,243.1443,487.2887
349952,243.5015,488.0030
350208,243.8589,488.7179
350464,244.2166,489.4333
350720,244.5746,490.1492
350976,244.9328,490.8656
351232,245.2913,491.5826
351488,245.6500,492.3001
351744,246.0090,493.0181
352000,246.3683,493.7366
352256,246.7278,494.4557
352512,247.0876,495.1753
352768,247.4477,495.8954
353024,247.8080,496.6160
353280,248.1686,497.3372
353536,248.5294,498.0588
353792,248.8905,498.7810
354048,249.2519,499.5038
354304,249.6135,500.2270
354560,249.9754,500.9508
354816,250.3376,501.6751
355072,250.7000,502.3999
355328,251.0626,503.1253
355584,251.4256,503.8512
355840,251.7888,504.5776
356096,252.1523,505.3045
356352,252.5160,506.0320
356608,252.8800,506.7599
356864,253.2442,507.4884
357120,253.6087,508.2174
357376,253.9735,508.9470
357632,254.3385,509.6771
357888,254.7038,510.4077
358144,255.0694,511.1388
358400,255.4352,511.8704
358656,255.8013,512.6026
358912,256.1676,513.3353
359168,256.5342,514.0685
359424,256.9011,514.8022
359680,257.2683,515.5365
359936,257.6356,516.2713
360192,258.0033,517.0066
360448,258.3712,517.7424
360704,258.7394,518.4788
360960,259.1078,519.2157
361216,259.4766,519.9531
361472,259.8455,520.6910
361728,260.2148,521.4295
361984,260.5842,522.1685
362240,260.9540,522.9080
362496,261.3240,523.6480
362752,261.6943,524.3886
363008,262.0648,525.1297
363264,262.4356,525.8713
363520,262.8067,526.6134
363776,263.1780,527.3561
364032,263.5496,528.0992
364288,263.9215,528.8429
364544,264.2936,529.5872
364800,264.6660,530.3319
365056,265.0386,531.0772
365312,265.4115,531.8230
365568,265.7847,532.5693
365824,266.1581,533.3162
366080,266.5318,534.0635
366336,266.9057,534.8114
366592,267.2799,535.5599
366848,267.6544,536.3088
367104,268.0291,537.0583
367360,268.4041,537.8083
367616,268.7794,538.5588
367872,269.1549,539.3098
368128,269.5307,540.0614
368384,269.9067,540.8135
368640,270.2830,541.5661
368896,270.6596,542.3192
369152,271.0364,543.0729
369408,271.4135,543.8271
369664,271.7909,544.5818
369920,272.1685,545.3370
370176,272.5464,546.0928
370432,272.9245,546.8491
370688,273.3029,547.6059
370944,273.6816,548.3632
371200,274.0605,549.1211
371456,274.4397,549.8795
371712,274.8192,550.6384
371968,275.1989,551.3978
372224,275.5789,552.1578
372480,275.9591,552.9182
372736,276.3396,553.6792
372992,276.7204,554.4408
373248,277.1014,555.2028
373504,277.4827,555.9654
373760,277.8643,556.7285
374016,278.2461,557.4921
374272,278.6281,558.2563
374528,279.0105,559.0210
374784,279.3931,559.7862
375040,279.7759,560.5519
375296,280.1591,561.3181
375552,280.5424,562.0849
375808,280.9261,562.8522
376064,281.3100,563.6200
376320,281.6942,564.3884
376576,282.0786,565.1572
376832,282.4633,565.9266
377088,282.8483,566.6965
377344,283.2335,567.4670
377600,283.6190,568.2379
377856,284.0047,569.0094
378112,284.3907,569.7814
378368,284.7770,570.5540
378624,285.1635,571.3270
378880,285.5503,572.1006
379136,285.9374,572.8747
379392,286.3247,573.6494
379648,286.7123,574.4245
379904,287.1001,575.2002
380160,287.4882,575.9764
380416,287.8766,576.7532
380672,288.2652,577.5304
380928,288.6541,578.3082
381184,289.0433,579.0865
381440,289.4327,579.8653
381696,289.8223,580.6447
381952,290.2123,581.4246
382208,290.6025,582.2050
382464,290.9929,582.9859
382720,291.3837,583.7673
382976,291.7747,584.5493
383232,292.1659,585.3318
383488,292.5574,586.1148
383744,292.9492,586.8984
384000,293.3412,587.6825
384256,293.7335,588.4671
384512,294.1261,589.2522
384768,294.5189,590.0378
385024,294.9120,590.8240
385280,295.3053,591.6107
385536,295.6990,592.3979
385792,296.0928,593.1857
386048,296.4870,593.9739
386304,296.8814,594.7627
386560,297.2760,595.5520
386816,297.6709,596.3419
387072,298.0661,597.1322
387328,298.4616,597.9231
387584,298.8573,598.7145
387840,299.2532,599.5065
388096,299.6495,600.2989
388352,300.0460,601.0919
388608,300.4427,601.8854
388864,300.8397,602.6795
389120,301.2370,603.4740
389376,301.6346,604.2691
389632,302.0324,605.0647
389888,302.4304,605.8608
390144,302.8287,606.6575
390400,303.2273,607.4547
390656,303.6262,608.2524
390912,304.0253,609.0506
391168,304.4247,609.8494
391424,304.8243,610.6486
391680,305.2242,611.4484
391936,305.6244,612.2488
392192,306.0248,613.0496
392448,306.4255,613.8510
392704,306.8264,614.6529
392960,307.2277,615.4553
393216,307.6291,616.2583
393472,308.0309,617.0617
393728,308.4329,617.8657
393984,308.8351,618.6702
394240,309.2376,619.4753
394496,309.6404,620.2809
394752,310.0435,621.0870
395008,310.4468,621.8936
395264,310.8504,622.7007
395520,311.2542,623.5084
395776,311.6583,624.3166
396032,312.0626,625.1253
396288,312.4673,625.9345
396544,312.8721,626.7443
396800,313.2773,627.5546
397056,313.6827,628.3654
397312,314.0884,629.1767
397568,314.4943,629.9886
397824,314.9005,630.8010
398080,315.3069,631.6139
398336,315.7137,632.4273
398592,316.1206,633.2413
398848,316.5279,634.0557
399104,316.9354,634.8707
399360,317.3431,635.6863
399616,317.7512,636.5023
399872,318.1595,637.3189
400128,318.5680,638.1360
400384,318.9768,638.9536
400640,319.3859,639.7718
400896,319.7952,640.5905
401152,320.2048,641.4097
401408,320.6147,642.2294
401664,321.0248,643.0496
401920,321.4352,643.8704
402176,321.8459,644.6917
402432,322.2568,645.5135
402688,322.6679,646.3359
402944,323.0794,647.1587
403200,323.4911,647.9821
403456,323.9030,648.8061
403712,324.3153,649.6305
403968,324.7277,650.4555
404224,325.1405,651.2810
404480,325.5535,652.1070
404736,325.9668,652.9335
404992,326.3803,653.7606
405248,326.7941,654.5882
405504,327.2081,655.4163
405760,327.6225,656.2449
406016,328.0370,657.0741
406272,328.4519,657.9038
406528,328.8670,658.7340
406784,329.2824,659.5647
407040,329.6980,660.3960
407296,330.1139,661.2278
407552,330.5300,662.0601
407808,330.9464,662.8929
408064,331.3631,663.7262
408320,331.7801,664.5601
408576,332.1973,665.3945
408832,332.6147,666.2295
409088,333.0325,667.0649
409344,333.4504,667.9009
409600,333.8687,668.7374
409856,334.2872,669.5744
410112,334.7060,670.4120
410368,335.1250,671.2500
410624,335.5443,672.0886
410880,335.9639,672.9278
411136,336.3837,673.7674
411392,336.8038,674.6076
411648,337.2241,675.4483
411904,337.6447,676.2895
412160,338.0656,677.1312
412416,338.4868,677.9735
412672,338.9082,678.8163
412928,339.3298,679.6596
413184,339.7517,680.5035
413440,340.1739,681.3478
413696,340.5964,682.1927
413952,341.0191,683.0381
414208,341.4420,683.8841
414464,341.8653,684.7305
414720,342.2888,685.5775
414976,342.7125,686.4250
415232,343.1365,687.2731
415488,343.5608,688.1216
415744,343.9854,688.9707
416000,344.4102,689.8203
416256,344.8352,690.6705
416512,345.2606,691.5211
416768,345.6861,692.3723
417024,346.1120,693.2240
417280,346.5381,694.0762
417536,346.9645,694.9290
417792,347.3911,695.7823
418048,347.8180,696.6361
418304,348.2452,697.4904
418560,348.6726,698.3452
418816,349.1003,699.2006
419072,349.5283,700.0565
419328,349.9565,700.9129
419584,350.3849,701.7699
419840,350.8137,702.6274
420096,351.2427,703.4854
420352,351.6719,704.3439
420608,352.1015,705.2029
420864,352.5313,706.0625
421120,352.9613,706.9226
421376,353.3916,707.7832
421632,353.8222,708.6444
421888,354.2530,709.5060
422144,354.6841,710.3682
422400,355.1155,711.2309
422656,355.5471,712.0942
422912,355.9790,712.9579
423168,356.4111,713.8222
423424,356.8435,714.6870
423680,357.2762,715.5524
423936,357.7091,716.4182
424192,358.1423,717.2846
424448,358.5758,718.1515
424704,359.0095,719.0190
424960,359.4435,719.8869
425216,359.8777,720.7554
425472,360.3122,721.6244
425728,360.7470,722.4940
425984,361.1820,723.3640
426240,361.6173,724.2346
426496,362.0528,725.1057
426752,362.4887,725.9773
427008,362.9247,726.8495
427264,363.3611,727.7222
427520,363.7977,728.5954
427776,364.2345,729.4691
428032,364.6717,730.3433
428288,365.1091,731.2181
428544,365.5467,732.0934
428800,365.9846,732.9692
429056,366.4228,733.8456
429312,366.8612,734.7224
429568,367.2999,735.5998
429824,367.7389,736.4778
430080,368.1781,737.3562
430336,368.6176,738.2352
430592,369.0573,739.1147
430848,369.4973,739.9947
431104,369.9376,740.8752
431360,370.3781,741.7563
431616,370.8189,742.6379
431872,371.2600,743.5200
432128,371.7013,744.4026
432384,372.1429,745.2858
432640,372.5847,746.1695
432896,373.0268,747.0537
433152,373.4692,747.9384
433408,373.9118,748.8237
433664,374.3547,749.7095
433920,374.7979,750.5958
434176,375.2413,751.4826
434432,375.6850,752.3700
434688,376.1289,753.2579
434944,376.5731,754.1463
435200,377.0176,755.0352
435456,377.4623,755.9247
435712,377.9073,756.8146
435968,378.3526,757.7051
436224,378.7981,758.5962
436480,379.2439,759.4877
436736,379.6899,760.3798
436992,380.1362,761.2724
437248,380.5828,762.1655
437504,381.0296,763.0592
437760,381.4767,763.9533
438016,381.9240,764.8480
438272,382.3716,765.7433
438528,382.8195,766.6390
438784,383.2676,767.5353
439040,383.7160,768.4321
439296,384.1647,769.3294
439552,384.6136,770.2272
439808,385.0628,771.1256
440064,385.5122,772.0245
440320,385.9620,772.9239
440576,386.4119,773.8238
440832,386.8622,774.7243
441088,387.3126,775.6253
441344,387.7634,776.5268
441600,388.2144,777.4288
441856,388.6657,778.3314
442112,389.1172,779.2345
442368,389.5691,780.1381
442624,390.0211,781.0422
442880,390.4734,781.9469
443136,390.9260,782.8521
443392,391.3789,783.7578
443648,391.8320,784.6640
443904,392.2854,785.5708
444160,392.7390,786.4781
444416,393.1929,787.3859
444672,393.6471,788.2942
444928,394.1015,789.2030
445184,394.5562,790.1124
445440,395.0112,791.0223
445696,395.4664,791.9328
445952,395.9219,792.8437
446208,396.3776,793.7552
446464,396.8336,794.6672
446720,397.2898,795.5797
446976,397.7464,796.4927
447232,398.2032,797.4063
447488,398.6602,798.3204
447744,399.1175,799.2350
448000,399.5751,800.1502
448256,400.0329,801.0658
448512,400.4910,801.9820
448768,400.9494,802.8988
449024,401.4080,803.8160
449280,401.8669,804.7338
449536,402.3260,805.6521
449792,402.7854,806.5709
450048,403.2451,807.4902
450304,403.7050,808.4101
450560,404.1652,809.3305
450816,404.6257,810.2514
451072,405.0864,811.1728
451328,405.5474,812.0948
451584,406.0086,813.0173
451840,406.4701,813.9403
452096,406.9319,814.8638
452352,407.3939,815.7879
452608,407.8562,816.7124
452864,408.3188,817.6375
453120,408.7816,818.5632
453376,409.2447,819.4893
453632,409.7080,820.4160
453888,410.1716,821.3432
454144,410.6355,822.2709
454400,411.0996,823.1992
454656,411.5640,824.1280
454912,412.0286,825.0573
455168,412.4935,825.9871
455424,412.9587,826.9174
455680,413.4242,827.8483
455936,413.8899,828.7797
456192,414.3558,829.7116
456448,414.8220,830.6441
456704,415.2885,831.5770
456960,415.7553,832.5105
457216,416.2223,833.4446
457472,416.6896,834.3791
457728,417.1571,835.3142
457984,417.6249,836.2498
458240,418.0929,837.1859
458496,418.5613,838.1225
458752,419.0298,839.0597
459008,419.4987,839.9974
459264,419.9678,840.9356
459520,420.4372,841.8743
459776,420.9068,842.8136
460032,421.3767,843.7534
460288,421.8468,844.6937
460544,422.3173,845.6345
460800,422.7879,846.5759
461056,423.2589,847.5178
461312,423.7301,848.4602
461568,424.2016,849.4031
461824,424.6733,850.3466
462080,425.1453,851.2905
462336,425.6175,852.2350
462592,426.0900,853.1801
462848,426.5628,854.1256
463104,427.0359,855.0717
463360,427.5092,856.0183
463616,427.9827,856.9654
463872,428.4565,857.9131
464128,428.9306,858.8613
464384,429.4050,859.8100
464640,429.8796,860.7592
464896,430.3545,861.7089
465152,430.8296,862.6592
465408,431.3050,863.6100
465664,431.7807,864.5613
465920,432.2566,865.5132
466176,432.7328,866.4655
466432,433.2092,867.4184
466688,433.6859,868.3718
466944,434.1629,869.3258
467200,434.6401,870.2803
467456,435.1176,871.2352
467712,435.5954,872.1908
467968,436.0734,873.1468
468224,436.5517,874.1034
468480,437.0302,875.0604
468736,437.5090,876.0181
468992,437.9881,876.9762
469248,438.4674,877.9349
469504,438.9470,878.8940
469760,439.4269,879.8538
470016,439.9070,880.8140
470272,440.3874,881.7747
470528,440.8680,882.7360
470784,441.3489,883.6978
471040,441.8301,884.6602
471296,442.3115,885.6230
471552,442.7932,886.5864
471808,443.2751,887.5503
472064,443.7574,888.5147
472320,444.2398,889.4797
472576,444.7226,890.4452
472832,445.2056,891.4112
473088,445.6888,892.3777
473344,446.1724,893.3447
473600,446.6562,894.3123
473856,447.1402,895.2804
474112,447.6245,896.2490
474368,448.1091,897.2182
474624,448.5939,898.1878
474880,449.0790,899.1580
475136,449.5644,900.1288
475392,450.0500,901.1000
475648,450.5359,902.0718
475904,451.0220,903.0441
476160,451.5084,904.0169
476416,451.9951,904.9902
476672,452.4820,905.9641
476928,452.9692,906.9385
477184,453.4567,907.9134
477440,453.9444,908.8888
477696,454.4324,909.8648
477952,454.9206,910.8413
478208,455.4091,911.8183
478464,455.8979,912.7958
478720,456.3869,913.7739
478976,456.8762,914.7525
479232,457.3658,915.7316
479488,457.8556,916.7112
479744,458.3457,917.6914
480000,458.8360,918.6720
480256,459.3266,919.6532
480512,459.8175,920.6350
480768,460.3086,921.6172
481024,460.8000,922.6000
481280,461.2917,923.5833
481536,461.7836,924.5671
481792,462.2757,925.5515
482048,462.7682,926.5364
482304,463.2609,927.5218
482560,463.7538,928.5077
482816,464.2471,929.4941
483072,464.7405,930.4811
483328,465.2343,931.4686
483584,465.7283,932.4566
483840,466.2226,933.4452
484096,466.7171,934.4342
484352,467.2119,935.4238
484608,467.7070,936.4139
484864,468.2023,937.4046
485120,468.6979,938.3957
485376,469.1937,939.3874
485632,469.6898,940.3797
485888,470.1862,941.3724
486144,470.6828,942.3657
486400,471.1797,943.3594
486656,471.6769,944.3538
486912,472.1743,945.3486
487168,472.6720,946.3440
487424,473.1699,947.3398
487680,473.6681,948.3362
487936,474.1666,949.3332
488192,474.6653,950.3306
488448,475.1643,951.3286
488704,475.6636,952.3271
488960,476.1631,953.3262
489216,476.6629,954.3257
489472,477.1629,955.3258
489728,477.6632,956.3264
489984,478.1638,957.3275
490240,478.6646,958.3292
490496,479.1657,959.3314
490752,479.6670,960.3341
491008,480.1686,961.3373
491264,480.6705,962.3410
491520,481.1727,963.3453
491776,481.6751,964.3501
492032,482.1777,965.3554
492288,482.6806,966.3613
492544,483.1838,967.3676
492800,483.6873,968.3745
493056,484.1910,969.3820
493312,484.6949,970.3899
493568,485.1992,971.3984
493824,485.7037,972.4074
494080,486.2084,973.4169
494336,486.7135,974.4269
494592,487.2187,975.4375
494848,487.7243,976.4486
495104,488.2301,977.4602
495360,488.7362,978.4723
495616,489.2425,979.4850
495872,489.7491,980.4982
496128,490.2559,981.5119
496384,490.7631,982.5261
496640,491.2704,983.5409
496896,491.7781,984.5562
497152,492.2860,985.5720
497408,492.7942,986.5883
497664,493.3026,987.6052
497920,493.8113,988.6225
498176,494.3202,989.6404
498432,494.8294,990.6589
498688,495.3389,991.6778
498944,495.8487,992.6973
499200,496.3587,993.7173
499456,496.8689,994.7378
499712,497.3794,995.7589
499968,497.8902,996.7805
500224,498.4013,997.8026
500480,498.9126,998.8252
500736,499.4242,999.8483
500992,499.9360,1000.8720
501248,500.4481,1001.8962
501504,500.9605,1002.9209
501760,501.4731,1003.9462
502016,501.9860,1004.9719
502272,502.4991,1005.9982
502528,503.0125,1007.0250
502784,503.5262,1008.0524
503040,504.0401,1009.0803
503296,504.5543,1010.1086
503552,505.0688,1011.1376
503808,505.5835,1012.1670
504064,506.0985,1013.1970
504320,506.6137,1014.2275
504576,507.1292,1015.2585
504832,507.6450,1016.2900
505088,508.1610,1017.3221
505344,508.6773,1018.3546
505600,509.1939,1019.3878
505856,509.7107,1020.4214
506112,510.2278,1021.4556
506368,510.7451,1022.4902
506624,511.2627,1023.5254
506880,511.7806,1024.5612
507136,512.2987,1025.5974
507392,512.8171,1026.6342
507648,513.3358,1027.6715
507904,513.8547,1028.7093
508160,514.3738,1029.7477
508416,514.8933,1030.7866
508672,515.4130,1031.8260
508928,515.9329,1032.8659
509184,516.4532,1033.9063
509440,516.9737,1034.9473
509696,517.4944,1035.9888
509952,518.0154,1037.0308
510208,518.5367,1038.0734
510464,519.0582,1039.1165
510720,519.5800,1040.1600
510976,520.1021,1041.2042
511232,520.6244,1042.2488
511488,521.1470,1043.2940
511744,521.6698,1044.3397
512000,522.1929,1045.3859
